{"cameraMode":{"drawMode":0,"name":"Shaded","section":"Shading Mode"},"sceneLighting":true,"audioPlay":false,"sceneViewState":{"showFog":true,"showMaterialUpdate":false,"showSkybox":true,"showFlares":true,"showImageEffects":true,"showParticleSystems":true},"in2DMode":false,"pivot":{"x":1.657055377960205,"y":0.9691581726074219,"z":3.910189390182495},"rotation":{"x":0.5621102452278137,"y":0.23311027884483338,"z":-0.16901923716068269,"w":0.7753220200538635},"size":7.561924457550049,"orthographic":true}