{"cameraMode":{"drawMode":0,"name":"Shaded","section":"Shading Mode"},"sceneLighting":true,"audioPlay":false,"sceneViewState":{"showFog":true,"showMaterialUpdate":false,"showSkybox":true,"showFlares":true,"showImageEffects":true,"showParticleSystems":true},"in2DMode":false,"pivot":{"x":4.5067057609558109,"y":0.9437001943588257,"z":3.863356113433838},"rotation":{"x":0.47053563594818118,"y":-0.0013235753867775202,"z":0.0007057969341985881,"w":0.8823797106742859},"size":8.43019962310791,"orthographic":true}