{"cameraMode":{"drawMode":0,"name":"Shaded","section":"Shading Mode"},"sceneLighting":false,"audioPlay":false,"sceneViewState":{"showFog":true,"showMaterialUpdate":false,"showSkybox":true,"showFlares":true,"showImageEffects":true,"showParticleSystems":true},"in2DMode":false,"pivot":{"x":-8.940696716308594e-8,"y":0.6378027200698853,"z":0.019601084291934968},"rotation":{"x":0.020924096927046777,"y":0.9621675610542297,"z":-0.2604069411754608,"w":0.07735741138458252},"size":2.5592570304870607,"orthographic":true}