{"cameraMode":{"drawMode":0,"name":"Shaded","section":"Shading Mode"},"sceneLighting":true,"audioPlay":false,"sceneViewState":{"showFog":true,"showMaterialUpdate":false,"showSkybox":true,"showFlares":true,"showImageEffects":true,"showParticleSystems":true},"in2DMode":false,"pivot":{"x":-1.0100681781768799,"y":7.5485029220581059,"z":-2.037503719329834},"rotation":{"x":-0.36245521903038027,"y":-0.3550458252429962,"z":0.15172117948532105,"w":-0.8482625484466553},"size":9.663005828857422,"orthographic":true}