{"cameraMode":{"drawMode":0,"name":"Shaded","section":"Shading Mode"},"sceneLighting":false,"audioPlay":false,"sceneViewState":{"showFog":true,"showMaterialUpdate":false,"showSkybox":true,"showFlares":true,"showImageEffects":true,"showParticleSystems":true},"in2DMode":false,"pivot":{"x":13.868111610412598,"y":3.8364083766937258,"z":-5.697388172149658},"rotation":{"x":-0.11921469867229462,"y":-0.8002914190292358,"z":0.1695910394191742,"w":-0.5626370906829834},"size":2.857884645462036,"orthographic":true}