{"cameraMode":{"drawMode":0,"name":"Shaded","section":"Shading Mode"},"sceneLighting":false,"audioPlay":false,"sceneViewState":{"showFog":true,"showMaterialUpdate":false,"showSkybox":true,"showFlares":true,"showImageEffects":true,"showParticleSystems":true},"in2DMode":false,"pivot":{"x":6.029964923858643,"y":0.332974910736084,"z":3.0740935802459719},"rotation":{"x":0.020924096927046777,"y":0.9621675610542297,"z":-0.2604069411754608,"w":0.07735741138458252},"size":5.140901565551758,"orthographic":true}