{"cameraMode":{"drawMode":0,"name":"Shaded","section":"Shading Mode"},"sceneLighting":false,"audioPlay":false,"sceneViewState":{"showFog":true,"showMaterialUpdate":false,"showSkybox":true,"showFlares":true,"showImageEffects":true,"showParticleSystems":true},"in2DMode":false,"pivot":{"x":2.8202202320098879,"y":0.7466228008270264,"z":2.5721254348754885},"rotation":{"x":0.5172478556632996,"y":0.25848284363746645,"z":-0.16745200753211976,"w":0.7984992861747742},"size":5.2828288078308109,"orthographic":true}