{"cameraMode":{"drawMode":0,"name":"Shaded","section":"Shading Mode"},"sceneLighting":false,"audioPlay":false,"sceneViewState":{"showFog":true,"showMaterialUpdate":false,"showSkybox":true,"showFlares":true,"showImageEffects":true,"showParticleSystems":true},"in2DMode":false,"pivot":{"x":-8.940696716308594e-8,"y":0.14280271530151368,"z":0.019601084291934968},"rotation":{"x":0.0009128384408541024,"y":0.9098729491233826,"z":-0.41488105058670046,"w":0.00202784757129848},"size":2.5592570304870607,"orthographic":true}