{"cameraMode":{"drawMode":0,"name":"Shaded","section":"Shading Mode"},"sceneLighting":true,"audioPlay":false,"sceneViewState":{"showFog":true,"showMaterialUpdate":false,"showSkybox":true,"showFlares":true,"showImageEffects":true,"showParticleSystems":true},"in2DMode":false,"pivot":{"x":2.6183786392211916,"y":1.5579147338867188,"z":4.9816412925720219},"rotation":{"x":0.020924096927046777,"y":0.9621675610542297,"z":-0.2604069411754608,"w":0.07735741138458252},"size":7.426946640014648,"orthographic":true}