{"cameraMode":{"drawMode":0,"name":"Shaded","section":"Shading Mode"},"sceneLighting":false,"audioPlay":false,"sceneViewState":{"showFog":true,"showMaterialUpdate":false,"showSkybox":true,"showFlares":true,"showImageEffects":true,"showParticleSystems":true},"in2DMode":false,"pivot":{"x":-0.01960107684135437,"y":0.6343753337860107,"z":-8.940696716308594e-8},"rotation":{"x":0.13865746557712556,"y":0.39454221725463869,"z":-0.060372233390808108,"w":0.9063475131988525},"size":1.3753467798233033,"orthographic":true}