{"cameraMode":{"drawMode":0,"name":"Shaded","section":"Shading Mode"},"sceneLighting":true,"audioPlay":false,"sceneViewState":{"showFog":true,"showMaterialUpdate":false,"showSkybox":true,"showFlares":true,"showImageEffects":true,"showParticleSystems":true},"in2DMode":false,"pivot":{"x":3.3001084327697756,"y":0.7516576647758484,"z":3.7894277572631838},"rotation":{"x":0.47053611278533938,"y":6.289716747431839e-9,"z":4.1019183605328639e-9,"w":0.8823807835578919},"size":8.447305679321289,"orthographic":true}