{"cameraMode":{"drawMode":0,"name":"Shaded","section":"Shading Mode"},"sceneLighting":false,"audioPlay":false,"sceneViewState":{"showFog":true,"showMaterialUpdate":false,"showSkybox":true,"showFlares":true,"showImageEffects":true,"showParticleSystems":true},"in2DMode":false,"pivot":{"x":0.00004031416028738022,"y":0.0004447260871529579,"z":0.0018590567633509637},"rotation":{"x":-0.218242809176445,"y":0.6266433596611023,"z":-0.18890996277332307,"w":-0.723879337310791},"size":0.06576941907405853,"orthographic":true}