{"cameraMode":{"drawMode":0,"name":"Shaded","section":"Shading Mode"},"sceneLighting":true,"audioPlay":false,"sceneViewState":{"showFog":true,"showMaterialUpdate":false,"showSkybox":true,"showFlares":true,"showImageEffects":true,"showParticleSystems":true},"in2DMode":false,"pivot":{"x":4.5702104568481449,"y":0.6849531531333923,"z":2.49235200881958},"rotation":{"x":0.3155288100242615,"y":-0.04024755582213402,"z":0.013384955003857613,"w":0.9479675889015198},"size":6.778661251068115,"orthographic":true}