{"cameraMode":{"drawMode":0,"name":"Shaded","section":"Shading Mode"},"sceneLighting":false,"audioPlay":false,"sceneViewState":{"showFog":true,"showMaterialUpdate":false,"showSkybox":true,"showFlares":true,"showImageEffects":true,"showParticleSystems":true},"in2DMode":false,"pivot":{"x":5.751832008361816,"y":0.4808385372161865,"z":3.0013790130615236},"rotation":{"x":0.584708571434021,"y":0.387691468000412,"z":-0.3735400438308716,"w":0.6068601012229919},"size":2.8845951557159426,"orthographic":false}