{"cameraMode":{"drawMode":0,"name":"Shaded","section":"Shading Mode"},"sceneLighting":false,"audioPlay":false,"sceneViewState":{"showFog":true,"showMaterialUpdate":false,"showSkybox":true,"showFlares":true,"showImageEffects":true,"showParticleSystems":true},"in2DMode":false,"pivot":{"x":2.8202202320098879,"y":0.7466227412223816,"z":2.5721254348754885},"rotation":{"x":0.6985701322555542,"y":-0.0010733181843534113,"z":0.0010478488402441145,"w":0.7155400514602661},"size":1.4932441711425782,"orthographic":true}