{"cameraMode":{"drawMode":0,"name":"Shaded","section":"Shading Mode"},"sceneLighting":false,"audioPlay":false,"sceneViewState":{"showFog":true,"showMaterialUpdate":false,"showSkybox":true,"showFlares":true,"showImageEffects":true,"showParticleSystems":true},"in2DMode":false,"pivot":{"x":3.864016532897949,"y":-5.094881057739258,"z":3.171173095703125},"rotation":{"x":-0.11921469867229462,"y":-0.8002914190292358,"z":0.1695910394191742,"w":-0.5626370906829834},"size":2.8578834533691408,"orthographic":true}