{"cameraMode":{"drawMode":0,"name":"Shaded","section":"Shading Mode"},"sceneLighting":false,"audioPlay":false,"sceneViewState":{"showFog":true,"showMaterialUpdate":false,"showSkybox":true,"showFlares":true,"showImageEffects":true,"showParticleSystems":true},"in2DMode":false,"pivot":{"x":2.8695068359375,"y":2.60302734375,"z":4.4443359375},"rotation":{"x":-0.11921469867229462,"y":-0.8002914190292358,"z":0.1695910394191742,"w":-0.5626370906829834},"size":23.334524154663087,"orthographic":true}