{"cameraMode":{"drawMode":0,"name":"Shaded","section":"Shading Mode"},"sceneLighting":false,"audioPlay":false,"sceneViewState":{"showFog":true,"showMaterialUpdate":false,"showSkybox":true,"showFlares":true,"showImageEffects":true,"showParticleSystems":true},"in2DMode":false,"pivot":{"x":1.0000001192092896,"y":0.6428027153015137,"z":6.980398654937744},"rotation":{"x":-0.19799421727657319,"y":-0.005785665474832058,"z":0.0011801731307059527,"w":-0.9801854491233826},"size":2.5592572689056398,"orthographic":false}