{"cameraMode":{"drawMode":0,"name":"Shaded","section":"Shading Mode"},"sceneLighting":false,"audioPlay":false,"sceneViewState":{"showFog":true,"showMaterialUpdate":false,"showSkybox":true,"showFlares":true,"showImageEffects":true,"showParticleSystems":true},"in2DMode":false,"pivot":{"x":8.025884628295899,"y":-17.489681243896486,"z":7.77726936340332},"rotation":{"x":-0.18651950359344483,"y":-0.04458903893828392,"z":0.008485826663672924,"w":-0.9814022779464722},"size":4.216989040374756,"orthographic":false}