{"cameraMode":{"drawMode":0,"name":"Shaded","section":"Shading Mode"},"sceneLighting":true,"audioPlay":false,"sceneViewState":{"showFog":true,"showMaterialUpdate":false,"showSkybox":true,"showFlares":true,"showImageEffects":true,"showParticleSystems":true},"in2DMode":false,"pivot":{"x":6.770477771759033,"y":-0.036367278546094897,"z":3.5093934535980226},"rotation":{"x":0.3836352527141571,"y":0.02631389908492565,"z":-0.0109365563839674,"w":0.9230449795722961},"size":9.136929512023926,"orthographic":true}